CABLE,301,Cable HDMI 2.1,25000.0,40,2.0,HDMI
CABLE,302,Cable USB-C carga,18000.0,60,1.5,USB-C
CABLE,303,Cable de red Ethernet,10000.0,15,5.7,Ethernet
CABLE,304,Cable DisplayPort,30000.0,20,1.8,DisplayPort
CONTROLLER,311,Mando DualSense,320000.0,15,Bluetooth
CONTROLLER,312,Mando de Xbox,280000.0,24,Bluetooth
CONTROLLER,313,Pro Controller Switch,290000.0,10,Bluetooth
CONTROLLER,314,Mando generico USB,60000.0,30,Cableado
MEMORY,321,Tarjeta SD 128GB,55000.0,35,128,SD
MEMORY,322,Tarjeta SD 256GB,90000.0,22,256,SD
MEMORY,323,SSD NVMe 1TB,420000.0,9,1000,NVMe
MEMORY,324,Memoria DDR4 16GB,150000.0,13,16,DDR4