Carlos,3151234567,1065789012,carlos.tentation@gmail.com
Miguel,3009876543,1065432109,miguelcheso@hotmail.com
Andres,3204567890,1065112233,andresrodriguez856@gmail.com
Laura,3112345678,1065223344,laura.mendoza@gmail.com
Sofia,3123456789,1065334455,sofia.ramirez@hotmail.com
Daniel,3134567890,1065445566,daniel.pineda@gmail.com
Valentina,3145678901,1065556677,valentina.cruz@outlook.com
Camilo,3156789012,1065667788,camilo.torres@gmail.com
Mariana,3167890123,1065778899,mariana.rios@gmail.com
Sebastian,3178901234,1065889900,sebastian.leon@hotmail.com
Paula,3189012345,1065990011,paula.gomez@gmail.com
Julian,3190123456,1065001122,julian.acosta@outlook.com