BULK,P001,Compra Mayorista Controles,2026-09-01,2026-12-31,5,15.0
CATEGORY,P002,Descuento Videojuegos,2026-09-01,2026-11-30,20.0,VIDEOGAME
PERCENTAGE,P003,Black Friday General,2026-11-20,2026-11-30,30.0
CATEGORY,P004,Semana de la Consola,2026-10-01,2026-10-07,10.0,CONSOLE
PERCENTAGE,P005,Dia del Padre,2026-06-01,2026-06-21,12.0
BULK,P006,Combo Gamer,2026-09-15,2026-10-31,3,8.0
PERCENTAGE,P007,Amor y Amistad,2026-09-15,2026-09-30,10.0
CATEGORY,P008,Fin de Temporada Juegos,2026-01-01,2026-03-31,25.0,VIDEOGAME
PERCENTAGE,P009,Cumpleanos GameZone,2026-10-15,2026-10-20,18.0
BULK,P010,Mayorista Videojuegos,2026-08-01,2026-12-31,10,12.0
CATEGORY,P011,Renueva tu Consola,2026-09-20,2026-10-31,7.5,CONSOLE
PERCENTAGE,P012,Navidad Anticipada,2026-12-01,2026-12-24,25.0