SALE-0001,2025-10-10,1065789012,1059785346,501:1;311:1,230000.0
SALE-0002,2025-12-05,1065432109,1067236719,503:1;106:1,0
SALE-0003,2026-01-15,1065112233,1066467583,502:1,240000.0
SALE-0004,2026-03-30,1065223344,1047094503,504:1;301:1,0
SALE-0005,2026-04-10,1065334455,1047100001,505:1,190000.0
SALE-0006,2026-05-20,1065445566,1047100002,101:1;102:1,0
SALE-0007,2026-07-08,1065556677,1047100003,503:2;110:1,0
SALE-0008,2026-08-15,1065667788,1047100004,501:1;107:1;311:2,230000.0
SALE-0009,2026-09-03,1065778899,1047100005,502:1;105:1,0
SALE-0010,2026-09-12,1065889900,1047100006,302:2;301:1;321:1,0
SALE-0011,2026-09-20,1065990011,1047100007,505:1;109:1,190000.0
SALE-0012,2026-09-25,1065001122,1047100008,503:1;103:1;106:1;322:1,150000.0