BASIC,WAT-5a1c1eef,501,SALE-0001,2025-10-10
EXTENDED,WAT-5a1c3dde,501,SALE-0001,2025-10-10
BASIC,WAT-5a1c5ccd,503,SALE-0002,2025-12-05
BASIC,WAT-5a1c7bbc,502,SALE-0003,2026-01-15
EXTENDED,WAT-5a1c9aab,502,SALE-0003,2026-01-15
BASIC,WAT-5a1cb99a,504,SALE-0004,2026-03-30
BASIC,WAT-5a1cd889,505,SALE-0005,2026-04-10
EXTENDED,WAT-5a1cf778,505,SALE-0005,2026-04-10
BASIC,WAT-5a1d1667,503,SALE-0007,2026-07-08
BASIC,WAT-5a1d3556,501,SALE-0008,2026-08-15
EXTENDED,WAT-5a1d5445,501,SALE-0008,2026-08-15
BASIC,WAT-5a1d7334,502,SALE-0009,2026-09-03
BASIC,WAT-5a1d9223,505,SALE-0011,2026-09-20
EXTENDED,WAT-5a1db112,505,SALE-0011,2026-09-20
BASIC,WAT-5a1dd001,503,SALE-0012,2026-09-25
EXTENDED,WAT-5a1deef0,503,SALE-0012,2026-09-25